id;attachment_url;pdf;pdf_content_type;company_id
1;mobile Fish;5472616365;image/png;Savings Account alarm
2;Tasty Metal Bacon;486f6d65204c6f616e204163636f756e74;image/png;web-readiness
3;Namibia;4d756c74692d6368616e6e656c6c6564204c6963656e736564;image/png;grey Cambridgeshire
4;Canyon HDD;656e766973696f6e656572204d75736963205075626c69632d6b6579;image/png;infomediaries
5;Investment Account;636f707920636f6e76657267656e6365;image/png;Mayotte
6;Industrial;636170616369746f722061726368697665;image/png;sky blue Tasty Plastic Pizza
7;compress South Georgia and the South Sandwich Islands;62696675726361746564207363616c61626c65;image/png;Small
8;deliverables reinvent 24 hour;6d6f6e69746f7220313038307020436865636b696e67204163636f756e74;image/png;world-class Frozen IB
9;Highway Ergonomic;4e657720596f726b2074616e6769626c65204d69737369737369707069;image/png;Frozen bus
10;hard drive Robust Networked;536d616c6c20706172746e65727368697073;image/png;Outdoors
